"State","County","Year","Days with AQI","Good Days","Moderate Days","Unhealthy for Sensitive Groups Days","Unhealthy Days","Very Unhealthy Days","Hazardous Days","Max AQI","90th Percentile AQI","Median AQI","Days CO","Days NO2","Days Ozone","Days SO2","Days PM2.5","Days PM10"
"Alabama","DeKalb",2018,58,58,0,0,0,0,0,44,37,31,0,0,58,0,0,0
"Alabama","Etowah",2018,59,27,31,0,1,0,0,153,62,52,0,0,0,0,59,0
"Alabama","Jefferson",2018,59,38,21,0,0,0,0,72,57,47,0,1,6,7,44,1
"Alabama","Mobile",2018,59,55,4,0,0,0,0,53,38,17,0,0,0,20,39,0
"Alabama","Morgan",2018,59,54,5,0,0,0,0,56,50,29,0,0,0,0,59,0
"Alabama","Russell",2018,59,35,24,0,0,0,0,84,63,45,0,0,0,0,59,0
"Alabama","Shelby",2018,58,57,0,1,0,0,0,124,9,0,0,0,0,58,0,0
"Alabama","Sumter",2018,59,59,0,0,0,0,0,45,36,19,0,0,0,9,50,0
"Alabama","Tuscaloosa",2018,54,43,11,0,0,0,0,62,54,38,0,0,0,0,54,0
"Alaska","Denali ",2018,90,90,0,0,0,0,0,49,44,39,0,0,90,0,0,0
"Arizona","Apache",2018,94,94,0,0,0,0,0,26,16,10,0,0,0,0,8,86
"Arizona","Cochise",2018,90,85,5,0,0,0,0,63,49,44,0,0,78,0,1,11
"Arizona","Coconino",2018,90,89,1,0,0,0,0,61,47,43,0,0,90,0,0,0
"Arizona","Gila",2018,90,34,33,20,3,0,0,181,126,64,0,0,29,57,0,4
"Arizona","La Paz",2018,90,87,3,0,0,0,0,67,48,41,0,0,87,0,3,0
"Arizona","Maricopa",2018,90,17,71,1,0,1,0,249,80,62,0,6,21,0,26,37
"Arizona","Mohave",2018,90,88,2,0,0,0,0,82,21,9,0,0,0,0,0,90
"Arizona","Navajo",2018,90,89,1,0,0,0,0,54,47,40,0,0,86,0,0,4
"Arizona","Pima",2018,90,71,19,0,0,0,0,85,56,39,0,0,0,0,0,90
"Arizona","Pinal",2018,90,83,7,0,0,0,0,67,50,44,0,0,90,0,0,0
"Arizona","Santa Cruz",2018,89,61,27,0,1,0,0,183,64,39,0,0,0,0,50,39
"Arizona","Yavapai",2018,90,90,0,0,0,0,0,50,46,39,0,0,90,0,0,0
"Arizona","Yuma",2018,90,72,16,2,0,0,0,130,59,44,0,0,54,0,6,30
"Arkansas","Arkansas",2018,28,24,4,0,0,0,0,58,52,32,0,0,0,0,28,0
"Arkansas","Ashley",2018,30,30,0,0,0,0,0,49,43,25,0,0,0,0,30,0
"Arkansas","Clark",2018,59,59,0,0,0,0,0,40,36,28,0,0,59,0,0,0
"Arkansas","Crittenden",2018,90,85,5,0,0,0,0,67,47,36,0,6,50,0,34,0
"Arkansas","Garland",2018,30,23,7,0,0,0,0,64,57,29,0,0,0,0,30,0
"Arkansas","Jackson",2018,30,27,3,0,0,0,0,66,54,30,0,0,0,0,30,0
"Arkansas","Newton",2018,90,88,2,0,0,0,0,84,45,34,0,0,90,0,0,0
"Arkansas","Polk",2018,90,82,8,0,0,0,0,93,50,38,0,0,78,0,12,0
"Arkansas","Pulaski",2018,90,78,12,0,0,0,0,74,52,39,0,0,38,0,52,0
"Arkansas","Union",2018,90,79,11,0,0,0,0,66,54,34,0,0,0,0,90,0
"Arkansas","Washington",2018,90,72,18,0,0,0,0,87,59,38,0,0,57,0,33,0
"California","Alameda",2018,59,26,32,1,0,0,0,110,83,52,0,4,4,0,51,0
"California","Colusa",2018,81,81,0,0,0,0,0,41,19,7,0,0,0,0,81,0
"California","Contra Costa",2018,59,37,20,2,0,0,0,145,81,48,0,0,4,0,55,0
"California","Fresno",2018,120,88,29,3,0,0,0,128,74,43,0,0,90,0,30,0
"California","Humboldt",2018,88,86,2,0,0,0,0,53,38,29,0,3,64,0,15,6
"California","Inyo",2018,88,86,2,0,0,0,0,71,46,40,0,0,84,0,0,4
"California","Kern",2018,120,106,14,0,0,0,0,80,52,32,0,0,47,0,70,3
"California","Kings",2018,89,74,15,0,0,0,0,98,57,38,0,0,60,0,0,29
"California","Marin",2018,59,47,11,1,0,0,0,123,66,36,0,6,16,0,37,0
"California","Mariposa",2018,90,90,0,0,0,0,0,49,45,40,0,0,90,0,0,0
"California","Mono",2018,90,89,1,0,0,0,0,54,35,15,0,0,0,0,0,90
"California","Monterey",2018,59,56,3,0,0,0,0,64,40,34,0,1,51,0,6,1
"California","Napa",2018,59,22,37,0,0,0,0,89,72,54,0,0,2,0,57,0
"California","Nevada",2018,31,29,2,0,0,0,0,67,49,44,0,0,31,0,0,0
"California","Placer",2018,90,89,1,0,0,0,0,52,47,40,0,0,84,0,6,0
"California","Riverside",2018,120,71,34,11,2,2,0,241,112,46,0,0,91,0,5,24
"California","San Benito",2018,90,88,2,0,0,0,0,59,43,37,0,0,83,0,7,0
"California","San Bernardino",2018,90,84,6,0,0,0,0,80,49,44,0,0,90,0,0,0
"California","San Diego",2018,17,17,0,0,0,0,0,38,29,11,0,0,0,0,0,17
"California","San Francisco",2018,59,35,23,1,0,0,0,111,72,45,0,8,10,0,41,0
"California","San Mateo",2018,59,43,16,0,0,0,0,83,69,36,0,9,17,0,33,0
"California","Santa Clara",2018,59,38,19,2,0,0,0,124,70,40,0,7,12,0,40,0
"California","Santa Cruz",2018,59,58,1,0,0,0,0,55,40,34,0,0,36,0,23,0
"California","Shasta",2018,86,86,0,0,0,0,0,49,44,40,0,0,86,0,0,0
"California","Solano",2018,89,68,20,1,0,0,0,132,63,39,0,1,46,0,42,0
"California","Sonoma",2018,59,50,9,0,0,0,0,84,59,35,0,0,27,0,32,0
"California","Tulare",2018,90,82,8,0,0,0,0,74,50,37,0,0,90,0,0,0
"California","Ventura",2018,90,72,18,0,0,0,0,94,63,44,0,1,52,0,35,2
"California","Yolo",2018,90,90,0,0,0,0,0,48,40,34,0,0,90,0,0,0
"Colorado","Adams",2018,107,75,31,1,0,0,0,102,67,43,0,26,20,0,31,30
"Colorado","Alamosa",2018,107,100,6,0,0,1,0,235,46,18,0,0,0,0,0,107
"Colorado","Arapahoe",2018,90,86,4,0,0,0,0,85,49,43,0,0,84,0,6,0
"Colorado","Archuleta",2018,119,102,17,0,0,0,0,97,58,42,0,1,94,0,0,24
"Colorado","Boulder",2018,94,87,7,0,0,0,0,96,49,41,0,0,81,0,11,2
"Colorado","Clear Creek",2018,17,11,6,0,0,0,0,58,54,50,0,0,17,0,0,0
"Colorado","Delta",2018,31,31,0,0,0,0,0,41,34,18,0,0,0,0,0,31
"Colorado","Denver",2018,107,63,42,2,0,0,0,106,70,48,0,60,11,0,31,5
"Colorado","Douglas",2018,94,76,16,2,0,0,0,128,58,43,0,0,62,0,32,0
"Colorado","El Paso",2018,90,82,8,0,0,0,0,70,50,43,0,0,80,0,10,0
"Colorado","Fremont",2018,9,9,0,0,0,0,0,20,20,13,0,0,0,0,0,9
"Colorado","Garfield",2018,98,97,1,0,0,0,0,54,44,36,0,0,87,0,0,11
"Colorado","Gunnison",2018,83,81,2,0,0,0,0,61,46,41,0,0,49,0,0,34
"Colorado","Jefferson",2018,90,89,1,0,0,0,0,58,47,44,0,0,90,0,0,0
"Colorado","La Plata",2018,120,102,18,0,0,0,0,93,58,44,0,1,115,0,2,2
"Colorado","Larimer",2018,95,85,10,0,0,0,0,98,51,46,0,0,75,0,15,5
"Colorado","Mesa",2018,90,81,9,0,0,0,0,59,51,41,0,0,63,0,27,0
"Colorado","Moffat",2018,89,89,0,0,0,0,0,48,44,40,0,0,89,0,0,0
"Colorado","Montezuma",2018,89,89,0,0,0,0,0,49,47,42,0,0,89,0,0,0
"Colorado","Montrose",2018,73,73,0,0,0,0,0,47,43,36,0,0,73,0,0,0
"Colorado","Pitkin",2018,28,28,0,0,0,0,0,42,33,11,0,0,0,0,0,28
"Colorado","Prowers",2018,109,105,3,1,0,0,0,103,37,17,0,0,0,0,0,109
"Colorado","Pueblo",2018,32,32,0,0,0,0,0,41,38,21,0,0,0,0,18,14
"Colorado","Rio Blanco",2018,90,87,3,0,0,0,0,53,48,42,0,0,88,0,2,0
"Colorado","Routt",2018,97,97,0,0,0,0,0,49,39,18,0,0,0,0,0,97
"Colorado","San Miguel",2018,31,31,0,0,0,0,0,42,33,19,0,0,0,0,0,31
"Colorado","Weld",2018,96,70,24,2,0,0,0,108,69,44,0,0,50,0,40,6
"Connecticut","Windham",2018,59,59,0,0,0,0,0,42,38,33,0,0,59,0,0,0
"Country Of Mexico","BAJA CALIFORNIA NORTE",2018,109,14,62,22,11,0,0,192,152,73,0,0,0,0,109,0
"Country Of Mexico","SONORA",2018,90,90,0,0,0,0,0,46,40,34,0,0,90,0,0,0
"Delaware","Kent",2018,90,86,4,0,0,0,0,54,44,36,0,0,63,0,27,0
"Delaware","New Castle",2018,90,66,24,0,0,0,0,77,59,42,0,1,43,1,45,0
"Delaware","Sussex",2018,90,85,5,0,0,0,0,59,46,37,0,0,74,0,16,0
"District Of Columbia","District of Columbia",2018,120,83,37,0,0,0,0,79,61,38,0,0,0,0,120,0
"Florida","Broward",2018,90,70,20,0,0,0,0,87,58,40,0,7,56,0,27,0
"Florida","Hillsborough",2018,133,69,60,4,0,0,0,122,78,50,0,0,67,6,58,2
"Florida","Indian River",2018,58,58,0,0,0,0,0,49,44,39,0,0,58,0,0,0
"Florida","Liberty",2018,58,58,0,0,0,0,0,44,39,32,0,0,58,0,0,0
"Georgia","Bibb",2018,59,57,2,0,0,0,0,69,47,30,0,0,0,11,48,0
"Georgia","Chatham",2018,59,53,6,0,0,0,0,75,52,30,0,0,0,26,33,0
"Georgia","Clarke",2018,11,11,0,0,0,0,0,32,25,19,0,0,0,0,11,0
"Georgia","DeKalb",2018,59,46,13,0,0,0,0,59,56,39,0,12,12,0,35,0
"Georgia","Dougherty",2018,59,44,15,0,0,0,0,79,64,29,0,0,0,0,59,0
"Georgia","Floyd",2018,59,47,12,0,0,0,0,67,57,35,0,0,0,1,58,0
"Georgia","Fulton",2018,59,48,11,0,0,0,0,63,55,35,0,12,0,0,47,0
"Georgia","Gwinnett",2018,48,38,10,0,0,0,0,60,56,38,0,0,0,0,48,0
"Georgia","Hall",2018,48,43,5,0,0,0,0,55,51,29,0,0,0,0,48,0
"Georgia","Henry",2018,56,52,4,0,0,0,0,55,40,20,0,0,0,0,56,0
"Georgia","Houston",2018,39,32,7,0,0,0,0,67,62,29,0,0,0,0,39,0
"Georgia","Lowndes",2018,49,43,6,0,0,0,0,74,52,36,0,0,0,0,49,0
"Georgia","Muscogee",2018,59,55,4,0,0,0,0,58,45,21,0,0,0,0,59,0
"Georgia","Pike",2018,58,58,0,0,0,0,0,42,39,32,0,0,58,0,0,0
"Georgia","Richmond",2018,59,44,15,0,0,0,0,81,56,37,0,0,0,4,46,9
"Georgia","Walker",2018,48,36,12,0,0,0,0,64,58,40,0,0,0,0,48,0
"Hawaii","Hawaii",2018,90,46,6,12,26,0,0,200,200,50,0,0,0,69,21,0
"Idaho","Bannock",2018,120,120,0,0,0,0,0,50,28,12,0,0,0,0,74,46
"Idaho","Butte",2018,90,90,0,0,0,0,0,47,44,36,0,0,90,0,0,0
"Idaho","Idaho",2018,90,86,4,0,0,0,0,71,40,34,0,0,34,0,56,0
"Idaho","Jerome",2018,90,90,0,0,0,0,0,46,25,16,0,0,0,0,90,0
"Idaho","Nez Perce",2018,90,90,0,0,0,0,0,32,14,7,0,0,0,0,90,0
"Illinois","Adams",2018,31,31,0,0,0,0,0,42,38,34,0,0,31,0,0,0
"Illinois","Champaign",2018,90,80,10,0,0,0,0,67,53,38,0,0,46,0,44,0
"Illinois","Clark",2018,90,90,0,0,0,0,0,45,41,31,0,0,90,0,0,0
"Illinois","Cook",2018,90,46,44,0,0,0,0,89,68,50,0,27,16,0,47,0
"Illinois","DuPage",2018,89,67,22,0,0,0,0,79,61,41,0,0,16,0,73,0
"Illinois","Effingham",2018,31,31,0,0,0,0,0,49,45,39,0,0,31,0,0,0
"Illinois","Hamilton",2018,88,75,13,0,0,0,0,84,55,38,0,0,21,0,67,0
"Illinois","Jersey",2018,81,71,10,0,0,0,0,71,52,38,0,0,23,0,58,0
"Illinois","Jo Daviess",2018,56,56,0,0,0,0,0,44,40,31,0,0,56,0,0,0
"Illinois","Kane",2018,90,83,7,0,0,0,0,73,45,34,0,0,78,0,12,0
"Illinois","La Salle",2018,90,90,0,0,0,0,0,33,4,1,0,0,0,90,0,0
"Illinois","Lake",2018,82,82,0,0,0,0,0,48,45,35,0,0,82,0,0,0
"Illinois","Macon",2018,90,62,28,0,0,0,0,77,62,41,0,0,23,1,66,0
"Illinois","Macoupin",2018,89,89,0,0,0,0,0,50,42,7,0,27,31,31,0,0
"Illinois","Madison",2018,90,68,22,0,0,0,0,86,60,43,0,0,34,0,56,0
"Illinois","McHenry",2018,90,79,11,0,0,0,0,68,53,40,0,0,65,0,25,0
"Illinois","McLean",2018,90,69,21,0,0,0,0,73,61,40,0,0,34,0,56,0
"Illinois","Peoria",2018,90,60,30,0,0,0,0,76,62,43,0,0,26,0,64,0
"Illinois","Randolph",2018,90,63,27,0,0,0,0,82,62,45,0,0,10,0,80,0
"Illinois","Rock Island",2018,90,68,22,0,0,0,0,76,62,42,0,0,36,0,54,0
"Illinois","Saint Clair",2018,90,75,15,0,0,0,0,71,55,42,0,3,15,0,72,0
"Illinois","Sangamon",2018,90,72,18,0,0,0,0,72,58,40,0,0,39,0,51,0
"Illinois","Tazewell",2018,90,90,0,0,0,0,0,23,7,1,0,0,0,90,0,0
"Illinois","Will",2018,90,61,29,0,0,0,0,79,66,44,0,0,30,0,60,0
"Illinois","Winnebago",2018,89,85,4,0,0,0,0,74,45,33,0,0,80,0,9,0
"Indiana","Allen",2018,69,52,17,0,0,0,0,77,62,36,0,0,23,0,46,0
"Indiana","Bartholomew",2018,90,81,8,1,0,0,0,102,52,37,0,0,59,0,31,0
"Indiana","Boone",2018,90,90,0,0,0,0,0,45,39,30,0,0,90,0,0,0
"Indiana","Brown",2018,90,90,0,0,0,0,0,48,43,32,0,0,90,0,0,0
"Indiana","Carroll",2018,85,85,0,0,0,0,0,44,38,29,0,0,85,0,0,0
"Indiana","Clark",2018,90,85,5,0,0,0,0,84,46,32,0,0,75,0,15,0
"Indiana","Delaware",2018,89,82,6,1,0,0,0,113,45,31,0,0,76,0,13,0
"Indiana","Dubois",2018,30,22,8,0,0,0,0,87,64,35,0,0,0,0,29,1
"Indiana","Elkhart",2018,69,59,10,0,0,0,0,84,56,33,0,0,32,0,37,0
"Indiana","Floyd",2018,82,74,8,0,0,0,0,60,50,35,0,0,59,0,23,0
"Indiana","Greene",2018,90,85,5,0,0,0,0,89,44,33,0,0,78,0,12,0
"Indiana","Hamilton",2018,90,77,12,1,0,0,0,108,57,37,0,0,49,0,41,0
"Indiana","Hendricks",2018,90,90,0,0,0,0,0,45,39,31,0,0,90,0,0,0
"Indiana","Henry",2018,30,25,4,1,0,0,0,111,61,27,0,0,0,0,30,0
"Indiana","Howard",2018,89,71,18,0,0,0,0,89,58,37,0,0,47,0,42,0
"Indiana","Huntington",2018,59,59,0,0,0,0,0,40,35,28,0,0,59,0,0,0
"Indiana","Jackson",2018,90,90,0,0,0,0,0,45,39,31,0,0,90,0,0,0
"Indiana","Knox",2018,59,59,0,0,0,0,0,44,35,30,0,0,59,0,0,0
"Indiana","LaPorte",2018,67,63,4,0,0,0,0,64,43,30,0,0,52,0,15,0
"Indiana","Lake",2018,90,60,30,0,0,0,0,80,63,41,0,25,8,0,55,2
"Indiana","Madison",2018,90,72,17,1,0,0,0,107,55,39,0,0,47,0,43,0
"Indiana","Marion",2018,90,63,26,1,0,0,0,112,62,42,0,3,36,0,51,0
"Indiana","Monroe",2018,50,44,6,0,0,0,0,97,52,34,0,0,0,0,50,0
"Indiana","Morgan",2018,90,90,0,0,0,0,0,44,38,30,0,0,90,0,0,0
"Indiana","Perry",2018,90,89,1,0,0,0,0,80,42,33,0,0,90,0,0,0
"Indiana","Porter",2018,69,52,17,0,0,0,0,73,57,39,0,0,23,0,44,2
"Indiana","Posey",2018,90,89,1,0,0,0,0,80,42,32,0,0,90,0,0,0
"Indiana","Shelby",2018,90,90,0,0,0,0,0,45,41,31,0,0,90,0,0,0
"Indiana","Spencer",2018,30,22,8,0,0,0,0,85,58,35,0,0,0,0,30,0
"Indiana","St. Joseph",2018,89,72,17,0,0,0,0,89,54,33,0,28,28,0,33,0
"Indiana","Sullivan",2018,92,74,18,0,0,0,0,91,57,32,0,0,0,0,92,0
"Indiana","Tippecanoe",2018,65,53,12,0,0,0,0,72,57,33,0,0,0,0,65,0
"Indiana","Vanderburgh",2018,90,77,13,0,0,0,0,83,54,36,0,0,50,0,40,0
"Indiana","Vigo",2018,90,70,20,0,0,0,0,82,56,39,0,0,49,0,41,0
"Indiana","Wabash",2018,59,59,0,0,0,0,0,44,37,30,0,0,59,0,0,0
"Indiana","Warrick",2018,90,89,1,0,0,0,0,77,42,31,0,0,90,0,0,0
"Indiana","Whitley",2018,69,48,21,0,0,0,0,81,64,37,0,0,0,0,69,0
"Iowa","Black Hawk",2018,120,56,64,0,0,0,0,81,66,52,0,0,0,0,120,0
"Iowa","Bremer",2018,61,57,4,0,0,0,0,80,49,42,0,0,61,0,0,0
"Iowa","Cerro Gordo",2018,30,30,0,0,0,0,0,30,27,14,0,0,0,0,0,30
"Iowa","Clinton",2018,120,71,49,0,0,0,0,84,65,47,0,0,39,0,81,0
"Iowa","Harrison",2018,61,54,7,0,0,0,0,87,51,40,0,0,61,0,0,0
"Iowa","Johnson",2018,120,96,24,0,0,0,0,79,57,37,0,0,0,0,120,0
"Iowa","Lee",2018,30,21,9,0,0,0,0,76,63,35,0,0,0,0,30,0
"Iowa","Linn",2018,120,91,29,0,0,0,0,97,60,43,0,0,49,2,69,0
"Iowa","Montgomery",2018,120,90,30,0,0,0,0,80,57,42,0,0,37,0,83,0
"Iowa","Muscatine",2018,120,79,41,0,0,0,0,76,63,45,0,0,0,2,118,0
"Iowa","Palo Alto",2018,120,74,46,0,0,0,0,97,64,47,0,0,30,0,90,0
"Iowa","Polk",2018,120,92,28,0,0,0,0,87,60,41,0,1,69,0,50,0
"Iowa","Pottawattamie",2018,33,22,11,0,0,0,0,70,58,35,0,0,0,0,32,1
"Iowa","Scott",2018,120,53,67,0,0,0,0,87,67,52,0,0,15,0,91,14
"Iowa","Van Buren",2018,120,94,26,0,0,0,0,87,58,40,0,0,50,0,70,0
"Iowa","Woodbury",2018,30,26,4,0,0,0,0,62,58,33,0,0,0,0,30,0
"Kentucky","Edmonson",2018,89,88,1,0,0,0,0,67,42,32,0,0,88,1,0,0
"Kentucky","Morgan",2018,59,59,0,0,0,0,0,46,39,33,0,0,59,0,0,0
"Kentucky","Trigg",2018,58,58,0,0,0,0,0,49,39,31,0,0,58,0,0,0
"Kentucky","Washington",2018,59,59,0,0,0,0,0,45,39,31,0,0,59,0,0,0
"Louisiana","Ascension",2018,120,105,13,2,0,0,0,108,54,34,0,2,118,0,0,0
"Louisiana","Bossier",2018,120,110,10,0,0,0,0,77,50,35,0,0,106,0,13,1
"Louisiana","Caddo",2018,117,103,14,0,0,0,0,67,53,37,0,0,100,0,17,0
"Louisiana","Calcasieu",2018,120,79,38,3,0,0,0,108,59,45,0,2,50,4,64,0
"Louisiana","East Baton Rouge",2018,120,94,26,0,0,0,0,87,67,42,0,1,62,2,55,0
"Louisiana","Iberville",2018,120,93,24,2,1,0,0,153,67,43,0,0,114,0,6,0
"Louisiana","Jefferson",2018,120,106,14,0,0,0,0,80,51,40,0,1,74,0,45,0
"Louisiana","Lafayette",2018,120,80,40,0,0,0,0,94,61,44,0,0,63,0,57,0
"Louisiana","Lafourche",2018,120,106,14,0,0,0,0,77,54,36,0,0,118,0,2,0
"Louisiana","Livingston",2018,120,103,17,0,0,0,0,100,54,40,0,0,73,0,47,0
"Louisiana","Orleans",2018,120,115,5,0,0,0,0,55,46,33,0,12,0,0,107,1
"Louisiana","Ouachita",2018,120,116,4,0,0,0,0,58,45,36,0,0,111,0,9,0
"Louisiana","Pointe Coupee",2018,120,108,12,0,0,0,0,97,51,35,0,0,120,0,0,0
"Louisiana","Rapides",2018,28,26,2,0,0,0,0,54,49,27,0,0,0,0,28,0
"Louisiana","St. Bernard",2018,120,92,28,0,0,0,0,100,61,40,0,0,98,0,22,0
"Louisiana","St. Charles",2018,120,114,5,1,0,0,0,110,37,1,0,0,0,120,0,0
"Louisiana","St. James",2018,120,116,4,0,0,0,0,67,45,30,0,0,120,0,0,0
"Louisiana","St. John the Baptist",2018,120,112,8,0,0,0,0,87,49,32,0,0,120,0,0,0
"Louisiana","St. Martin",2018,113,101,12,0,0,0,0,84,51,38,0,0,113,0,0,0
"Louisiana","St. Tammany",2018,120,109,11,0,0,0,0,77,48,36,0,0,116,0,4,0
"Louisiana","Tangipahoa",2018,31,31,0,0,0,0,0,40,39,23,0,0,0,0,31,0
"Louisiana","Terrebonne",2018,29,27,2,0,0,0,0,51,47,25,0,0,0,0,29,0
"Louisiana","West Baton Rouge",2018,120,106,14,0,0,0,0,84,53,39,0,5,73,2,40,0
"Maine","Androscoggin",2018,120,110,10,0,0,0,0,77,50,39,0,0,63,0,57,0
"Maine","Aroostook",2018,120,97,23,0,0,0,0,74,58,37,0,0,24,0,96,0
"Maine","Cumberland",2018,120,101,19,0,0,0,0,74,54,42,0,9,89,0,20,2
"Maine","Hancock",2018,120,113,7,0,0,0,0,87,49,42,0,0,112,0,8,0
"Maine","Kennebec",2018,119,113,6,0,0,0,0,87,48,37,0,42,66,1,8,2
"Maine","Knox",2018,65,63,2,0,0,0,0,71,45,40,0,0,65,0,0,0
"Maine","Oxford",2018,94,79,15,0,0,0,0,87,54,41,0,0,54,0,40,0
"Maine","Penobscot",2018,120,105,15,0,0,0,0,87,52,41,0,0,60,0,60,0
"Maine","Washington",2018,120,115,5,0,0,0,0,77,48,41,0,0,120,0,0,0
"Maine","York",2018,74,68,6,0,0,0,0,93,50,43,0,0,74,0,0,0
"Maryland","Allegany",2018,90,70,13,5,2,0,0,200,100,13,0,0,0,90,0,0
"Maryland","Anne Arundel",2018,77,73,4,0,0,0,0,85,46,16,0,0,30,47,0,0
"Maryland","Baltimore",2018,90,68,22,0,0,0,0,80,57,40,0,6,38,0,46,0
"Maryland","Baltimore (City)",2018,89,66,23,0,0,0,0,79,58,40,0,11,20,0,58,0
"Maryland","Calvert",2018,31,31,0,0,0,0,0,47,44,40,0,0,31,0,0,0
"Maryland","Carroll",2018,31,31,0,0,0,0,0,48,46,40,0,0,31,0,0,0
"Maryland","Cecil",2018,87,74,13,0,0,0,0,71,56,39,0,0,24,0,63,0
"Maryland","Charles",2018,28,28,0,0,0,0,0,50,45,41,0,0,28,0,0,0
"Maryland","Dorchester",2018,90,86,4,0,0,0,0,59,44,35,0,0,77,0,13,0
"Maryland","Frederick",2018,31,30,1,0,0,0,0,51,46,42,0,0,31,0,0,0
"Maryland","Garrett",2018,87,86,1,0,0,0,0,51,45,37,0,0,83,0,4,0
"Maryland","Harford",2018,88,74,14,0,0,0,0,65,56,38,0,0,28,0,60,0
"Maryland","Howard",2018,90,72,18,0,0,0,0,75,61,35,0,19,0,0,71,0
"Maryland","Kent",2018,90,82,8,0,0,0,0,65,48,38,0,0,26,0,64,0
"Maryland","Montgomery",2018,81,69,12,0,0,0,0,68,53,40,0,0,27,0,54,0
"Maryland","Prince George's",2018,90,80,10,0,0,0,0,65,52,38,0,3,55,0,32,0
"Maryland","Washington",2018,89,74,15,0,0,0,0,73,55,38,0,0,26,0,63,0
"Massachusetts","Barnstable",2018,86,86,0,0,0,0,0,47,43,38,0,0,86,0,0,0
"Massachusetts","Berkshire",2018,90,77,13,0,0,0,0,73,58,29,0,0,0,0,90,0
"Massachusetts","Bristol",2018,90,79,11,0,0,0,0,69,52,40,0,0,60,0,30,0
"Massachusetts","Dukes",2018,87,87,0,0,0,0,0,45,44,39,0,0,87,0,0,0
"Massachusetts","Essex",2018,90,86,4,0,0,0,0,59,45,38,0,1,73,0,16,0
"Massachusetts","Franklin",2018,90,73,17,0,0,0,0,78,59,40,0,0,56,0,34,0
"Massachusetts","Hampden",2018,90,70,20,0,0,0,0,73,59,36,0,17,32,0,41,0
"Massachusetts","Hampshire",2018,90,88,2,0,0,0,0,60,45,37,0,1,75,0,14,0
"Massachusetts","Middlesex",2018,90,90,0,0,0,0,0,44,42,35,0,0,90,0,0,0
"Massachusetts","Norfolk",2018,83,83,0,0,0,0,0,43,40,34,0,3,80,0,0,0
"Massachusetts","Plymouth",2018,89,86,3,0,0,0,0,67,43,35,0,0,76,0,13,0
"Massachusetts","Suffolk",2018,90,48,42,0,0,0,0,82,66,50,0,2,12,0,76,0
"Massachusetts","Worcester",2018,90,75,15,0,0,0,0,73,54,41,0,4,56,0,30,0
"Michigan","Bay",2018,1,1,0,0,0,0,0,22,22,22,0,0,0,0,1,0
"Michigan","Genesee",2018,1,1,0,0,0,0,0,25,25,25,0,0,0,0,1,0
"Michigan","Ingham",2018,1,1,0,0,0,0,0,10,10,10,0,1,0,0,0,0
"Michigan","Kent",2018,16,16,0,0,0,0,0,22,19,11,0,0,0,0,1,15
"Michigan","Missaukee",2018,1,1,0,0,0,0,0,1,1,1,0,1,0,0,0,0
"Michigan","Monroe",2018,15,15,0,0,0,0,0,45,36,9,0,0,0,0,0,15
"Michigan","Ottawa",2018,15,15,0,0,0,0,0,23,15,8,0,0,0,0,0,15
"Michigan","St. Clair",2018,90,89,0,1,0,0,0,106,21,3,0,0,0,90,0,0
"Michigan","Tuscola",2018,59,59,0,0,0,0,0,44,40,33,0,0,59,0,0,0
"Michigan","Washtenaw",2018,58,58,0,0,0,0,0,44,38,32,0,0,58,0,0,0
"Michigan","Wayne",2018,90,85,5,0,0,0,0,59,47,31,0,39,0,5,1,45
"Michigan","Wexford",2018,58,58,0,0,0,0,0,44,40,36,0,0,58,0,0,0
"Minnesota","Anoka",2018,90,56,34,0,0,0,0,75,63,45,0,0,0,0,90,0
"Minnesota","Becker",2018,90,86,4,0,0,0,0,60,43,23,0,0,0,0,90,0
"Minnesota","Beltrami",2018,88,83,5,0,0,0,0,58,43,25,0,0,0,0,88,0
"Minnesota","Carlton",2018,87,85,2,0,0,0,0,60,33,17,0,0,0,0,87,0
"Minnesota","Cass",2018,88,74,14,0,0,0,0,77,55,30,0,0,0,0,88,0
"Minnesota","Cook",2018,88,85,3,0,0,0,0,57,31,20,0,0,0,0,88,0
"Minnesota","Crow Wing",2018,90,86,4,0,0,0,0,55,42,21,0,0,0,0,90,0
"Minnesota","Dakota",2018,90,67,23,0,0,0,0,76,56,37,0,0,0,0,90,0
"Minnesota","Hennepin",2018,90,55,35,0,0,0,0,79,63,43,0,0,0,0,90,0
"Minnesota","Lake",2018,88,88,0,0,0,0,0,44,22,12,0,0,0,0,88,0
"Minnesota","Lyon",2018,90,84,6,0,0,0,0,55,46,27,0,0,0,0,90,0
"Minnesota","Olmsted",2018,90,62,28,0,0,0,0,74,61,43,0,0,0,0,90,0
"Minnesota","Ramsey",2018,90,60,30,0,0,0,0,79,60,43,0,0,0,0,90,0
"Minnesota","Saint Louis",2018,90,83,7,0,0,0,0,61,49,39,0,0,74,0,16,0
"Minnesota","Scott",2018,28,22,6,0,0,0,0,58,55,36,0,0,0,0,28,0
"Minnesota","Stearns",2018,90,73,17,0,0,0,0,70,55,31,0,0,0,0,90,0
"Minnesota","Wright",2018,90,78,12,0,0,0,0,65,55,31,0,0,0,0,90,0
"Mississippi","Yalobusha",2018,52,52,0,0,0,0,0,39,35,28,0,0,52,0,0,0
"Montana","Flathead",2018,90,90,0,0,0,0,0,47,43,37,0,0,90,0,0,0
"Montana","Gallatin",2018,90,90,0,0,0,0,0,34,17,6,19,50,0,0,21,0
"Nebraska","Cass",2018,31,31,0,0,0,0,0,22,19,12,0,0,0,0,0,31
"Nebraska","Douglas",2018,90,55,35,0,0,0,0,78,60,48,0,0,14,0,74,2
"Nebraska","Hall",2018,20,18,2,0,0,0,0,68,51,22,0,0,0,0,20,0
"Nebraska","Knox",2018,59,58,1,0,0,0,0,54,43,32,0,0,59,0,0,0
"Nebraska","Lancaster",2018,18,13,5,0,0,0,0,66,54,29,0,0,0,0,18,0
"Nebraska","Sarpy",2018,87,70,17,0,0,0,0,81,56,36,0,0,0,0,87,0
"Nebraska","Scotts Bluff",2018,19,17,2,0,0,0,0,59,52,21,0,0,0,0,19,0
"Nebraska","Washington",2018,27,23,4,0,0,0,0,69,52,30,0,0,0,0,27,0
"Nevada","Clark",2018,90,44,43,2,1,0,0,154,73,51,0,25,28,0,32,5
"Nevada","White Pine",2018,83,81,2,0,0,0,0,58,46,42,0,0,83,0,0,0
"New Hampshire","Grafton",2018,59,59,0,0,0,0,0,46,38,34,0,0,59,0,0,0
"New Jersey","Mercer",2018,58,58,0,0,0,0,0,41,36,30,0,0,58,0,0,0
"New Mexico","Dona Ana",2018,120,87,30,1,2,0,0,187,72,39,0,0,0,0,0,120
"New Mexico","Luna",2018,120,113,6,1,0,0,0,137,38,19,0,0,0,0,0,120
"New Mexico","San Juan",2018,90,90,0,0,0,0,0,48,46,40,0,0,90,0,0,0
"New York","Albany",2018,90,69,21,0,0,0,0,78,60,40,0,0,50,0,40,0
"New York","Bronx",2018,90,68,22,0,0,0,0,80,58,41,0,22,20,0,48,0
"New York","Chautauqua",2018,90,89,1,0,0,0,0,54,44,35,0,0,84,2,4,0
"New York","Dutchess",2018,90,90,0,0,0,0,0,44,41,31,0,0,85,5,0,0
"New York","Erie",2018,90,67,23,0,0,0,0,71,60,41,0,9,33,0,48,0
"New York","Essex",2018,90,90,0,0,0,0,0,49,44,39,0,0,90,0,0,0
"New York","Franklin",2018,90,90,0,0,0,0,0,1,0,0,0,0,0,90,0,0
"New York","Hamilton",2018,90,90,0,0,0,0,0,47,43,37,0,0,89,1,0,0
"New York","Herkimer",2018,90,90,0,0,0,0,0,49,44,36,0,0,90,0,0,0
"New York","Jefferson",2018,28,28,0,0,0,0,0,44,40,35,0,0,28,0,0,0
"New York","Kings",2018,90,79,11,0,0,0,0,67,53,33,0,0,0,0,90,0
"New York","Monroe",2018,90,75,15,0,0,0,0,68,57,37,0,0,41,0,49,0
"New York","Nassau",2018,90,84,6,0,0,0,0,61,49,31,0,0,0,0,90,0
"New York","New York",2018,90,53,37,0,0,0,0,75,61,48,0,0,14,0,76,0
"New York","Niagara",2018,28,28,0,0,0,0,0,44,41,36,0,0,28,0,0,0
"New York","Oneida",2018,90,84,6,0,0,0,0,56,47,25,0,0,0,0,90,0
"New York","Onondaga",2018,90,82,8,0,0,0,0,74,48,36,0,0,73,1,16,0
"New York","Orange",2018,90,77,13,0,0,0,0,65,54,39,0,0,50,0,40,0
"New York","Oswego",2018,89,89,0,0,0,0,0,45,42,35,0,0,89,0,0,0
"New York","Putnam",2018,83,83,0,0,0,0,0,47,43,34,0,0,81,2,0,0
"New York","Queens",2018,90,69,21,0,0,0,0,74,58,41,0,18,25,0,47,0
"New York","Richmond",2018,90,76,14,0,0,0,0,73,55,34,0,0,6,0,84,0
"New York","Rockland",2018,90,84,6,0,0,0,0,62,48,37,0,0,61,0,29,0
"New York","Saratoga",2018,90,90,0,0,0,0,0,45,42,34,0,0,90,0,0,0
"New York","Seneca",2018,90,90,0,0,0,0,0,16,0,0,0,0,0,90,0,0
"New York","St. Lawrence",2018,90,66,18,6,0,0,0,108,96,26,0,0,0,90,0,0
"New York","Steuben",2018,87,86,1,0,0,0,0,53,38,2,47,0,25,4,11,0
"New York","Suffolk",2018,90,85,5,0,0,0,0,67,49,39,0,0,58,0,32,0
"New York","Tompkins",2018,88,88,0,0,0,0,0,44,37,31,0,0,56,32,0,0
"New York","Wayne",2018,32,32,0,0,0,0,0,45,44,39,0,0,32,0,0,0
"New York","Westchester",2018,90,84,6,0,0,0,0,59,45,36,0,0,53,0,37,0
"North Carolina","Avery",2018,43,43,0,0,0,0,0,41,39,36,0,0,43,0,0,0
"North Carolina","Beaufort",2018,90,90,0,0,0,0,0,17,7,0,0,0,0,90,0,0
"North Carolina","Brunswick",2018,90,83,6,1,0,0,0,116,44,0,0,0,0,90,0,0
"North Carolina","Buncombe",2018,90,81,9,0,0,0,0,72,51,23,0,0,0,0,90,0
"North Carolina","Carteret",2018,59,59,0,0,0,0,0,44,40,33,0,0,59,0,0,0
"North Carolina","Catawba",2018,90,70,20,0,0,0,0,77,58,33,0,0,0,0,90,0
"North Carolina","Cumberland",2018,87,76,11,0,0,0,0,72,53,28,0,0,0,0,86,1
"North Carolina","Davidson",2018,89,70,19,0,0,0,0,73,56,33,0,0,0,0,89,0
"North Carolina","Durham",2018,90,79,11,0,0,0,0,60,52,33,0,0,0,2,87,1
"North Carolina","Edgecombe",2018,86,86,0,0,0,0,0,46,35,20,0,0,0,0,86,0
"North Carolina","Forsyth",2018,31,31,0,0,0,0,0,35,31,21,0,31,0,0,0,0
"North Carolina","Guilford",2018,90,78,12,0,0,0,0,70,54,29,0,0,0,0,88,2
"North Carolina","Haywood",2018,90,55,16,13,6,0,0,199,135,20,0,0,0,90,0,0
"North Carolina","Jackson",2018,14,11,3,0,0,0,0,66,59,30,0,0,0,0,14,0
"North Carolina","Johnston",2018,90,79,11,0,0,0,0,81,53,30,0,0,0,0,90,0
"North Carolina","Lee",2018,88,59,29,0,0,0,0,83,57,45,0,0,0,0,88,0
"North Carolina","Lenoir",2018,58,58,0,0,0,0,0,19,17,13,0,0,0,0,0,58
"North Carolina","Macon",2018,56,56,0,0,0,0,0,43,38,33,0,0,56,0,0,0
"North Carolina","Mecklenburg",2018,120,90,30,0,0,0,0,79,60,44,0,3,68,0,49,0
"North Carolina","Mitchell",2018,90,82,8,0,0,0,0,78,50,21,0,0,0,0,90,0
"North Carolina","Montgomery",2018,86,82,4,0,0,0,0,97,43,32,0,0,40,0,46,0
"North Carolina","New Hanover",2018,87,85,2,0,0,0,0,56,25,12,0,0,0,0,87,0
"North Carolina","Person",2018,90,90,0,0,0,0,0,26,4,0,0,0,0,90,0,0
"North Carolina","Pitt",2018,84,83,1,0,0,0,0,61,38,25,0,0,0,0,84,0
"North Carolina","Rockingham",2018,90,90,0,0,0,0,0,19,3,0,0,0,0,90,0,0
"North Carolina","Swain",2018,90,72,18,0,0,0,0,78,57,33,0,0,0,0,90,0
"North Carolina","Wake",2018,90,71,19,0,0,0,0,69,56,36,0,5,0,0,85,0
"North Dakota","Billings",2018,87,86,1,0,0,0,0,51,44,37,0,0,58,0,29,0
"North Dakota","Burke",2018,87,81,6,0,0,0,0,71,46,36,0,0,83,0,4,0
"North Dakota","Burleigh",2018,88,71,17,0,0,0,0,89,58,36,0,3,32,0,53,0
"North Dakota","Cass",2018,87,79,8,0,0,0,0,80,50,38,0,4,48,0,35,0
"North Dakota","Dunn",2018,87,83,4,0,0,0,0,64,44,36,0,1,65,0,21,0
"North Dakota","McKenzie",2018,87,83,4,0,0,0,0,58,48,37,0,0,81,0,6,0
"North Dakota","Mercer",2018,87,84,3,0,0,0,0,64,47,35,0,0,81,0,6,0
"North Dakota","Oliver",2018,87,77,9,1,0,0,0,122,52,38,0,0,68,0,19,0
"North Dakota","Ward",2018,87,78,9,0,0,0,0,84,52,38,0,0,69,0,18,0
"North Dakota","Williams",2018,87,76,11,0,0,0,0,68,53,33,0,0,30,0,55,2
"Ohio","Adams",2018,88,88,0,0,0,0,0,39,29,20,0,0,0,8,80,0
"Ohio","Allen",2018,90,85,5,0,0,0,0,63,42,25,0,0,28,0,62,0
"Ohio","Ashtabula",2018,90,90,0,0,0,0,0,46,42,1,0,0,30,60,0,0
"Ohio","Athens",2018,16,16,0,0,0,0,0,40,36,23,0,0,0,0,16,0
"Ohio","Belmont",2018,90,88,2,0,0,0,0,62,32,21,0,65,0,0,25,0
"Ohio","Butler",2018,90,79,11,0,0,0,0,89,53,37,0,0,69,1,20,0
"Ohio","Clark",2018,90,65,25,0,0,0,0,94,61,41,0,0,24,3,63,0
"Ohio","Clermont",2018,87,76,11,0,0,0,0,60,52,41,0,0,30,0,57,0
"Ohio","Clinton",2018,31,31,0,0,0,0,0,45,44,38,0,0,31,0,0,0
"Ohio","Columbiana",2018,95,94,1,0,0,0,0,52,12,0,0,0,0,75,0,20
"Ohio","Cuyahoga",2018,90,59,31,0,0,0,0,91,63,42,0,7,32,0,49,2
"Ohio","Delaware",2018,31,31,0,0,0,0,0,44,44,39,0,0,31,0,0,0
"Ohio","Fayette",2018,59,59,0,0,0,0,0,44,37,31,0,0,59,0,0,0
"Ohio","Franklin",2018,90,71,19,0,0,0,0,78,59,39,0,16,28,0,46,0
"Ohio","Gallia",2018,120,119,1,0,0,0,0,61,19,3,0,0,0,120,0,0
"Ohio","Geauga",2018,31,31,0,0,0,0,0,47,44,41,0,0,31,0,0,0
"Ohio","Greene",2018,88,71,17,0,0,0,0,78,54,38,0,0,27,0,61,0
"Ohio","Hamilton",2018,90,67,23,0,0,0,0,89,61,45,0,14,23,0,53,0
"Ohio","Harrison",2018,15,14,1,0,0,0,0,53,49,29,0,0,0,0,15,0
"Ohio","Jefferson",2018,90,56,34,0,0,0,0,83,62,48,0,0,1,21,68,0
"Ohio","Knox",2018,31,31,0,0,0,0,0,46,44,39,0,0,31,0,0,0
"Ohio","Lake",2018,90,85,5,0,0,0,0,75,43,35,0,0,31,0,59,0
"Ohio","Lawrence",2018,90,90,0,0,0,0,0,47,43,29,0,0,31,0,59,0
"Ohio","Licking",2018,31,31,0,0,0,0,0,43,41,36,0,0,31,0,0,0
"Ohio","Lorain",2018,90,86,4,0,0,0,0,75,41,28,0,0,29,0,61,0
"Ohio","Lucas",2018,90,81,9,0,0,0,0,74,51,35,0,0,27,5,58,0
"Ohio","Madison",2018,31,31,0,0,0,0,0,44,44,39,0,0,31,0,0,0
"Ohio","Mahoning",2018,90,87,3,0,0,0,0,57,43,33,0,0,26,0,63,1
"Ohio","Medina",2018,90,69,21,0,0,0,0,84,60,38,0,0,27,0,63,0
"Ohio","Miami",2018,31,31,0,0,0,0,0,45,43,38,0,0,31,0,0,0
"Ohio","Montgomery",2018,90,74,16,0,0,0,0,99,58,38,6,0,28,0,56,0
"Ohio","Morgan",2018,89,89,0,0,0,0,0,31,13,3,0,0,0,89,0,0
"Ohio","Noble",2018,46,46,0,0,0,0,0,46,37,32,0,0,46,0,0,0
"Ohio","Portage",2018,49,45,4,0,0,0,0,73,47,35,0,0,31,0,18,0
"Ohio","Preble",2018,90,80,9,1,0,0,0,107,52,38,0,0,43,0,47,0
"Ohio","Scioto",2018,90,87,3,0,0,0,0,82,33,11,0,0,0,22,25,43
"Ohio","Stark",2018,90,69,21,0,0,0,0,82,61,41,1,0,25,0,64,0
"Ohio","Summit",2018,90,71,19,0,0,0,0,79,60,36,0,0,26,0,64,0
"Ohio","Trumbull",2018,78,74,4,0,0,0,0,78,46,35,0,0,31,0,47,0
"Ohio","Warren",2018,88,71,17,0,0,0,0,73,62,39,0,0,31,0,57,0
"Ohio","Washington",2018,31,30,1,0,0,0,0,64,45,40,0,0,31,0,0,0
"Ohio","Wood",2018,31,31,0,0,0,0,0,44,40,36,0,0,31,0,0,0
"Oklahoma","Bryan",2018,46,41,5,0,0,0,0,77,51,40,0,0,46,0,0,0
"Oklahoma","Canadian",2018,89,87,2,0,0,0,0,67,47,31,0,0,89,0,0,0
"Oklahoma","Carter",2018,90,76,14,0,0,0,0,79,55,30,0,0,0,0,90,0
"Oklahoma","Cleveland",2018,90,63,27,0,0,0,0,89,59,43,0,0,37,0,53,0
"Oklahoma","Comanche",2018,90,81,9,0,0,0,0,67,51,36,0,0,74,0,16,0
"Oklahoma","Creek",2018,90,83,7,0,0,0,0,93,47,34,0,0,90,0,0,0
"Oklahoma","Custer",2018,90,88,2,0,0,0,0,65,32,18,0,0,0,0,0,90
"Oklahoma","Dewey",2018,90,78,12,0,0,0,0,78,52,38,0,0,55,0,35,0
"Oklahoma","Garfield",2018,90,88,2,0,0,0,0,61,23,0,0,0,0,90,0,0
"Oklahoma","Jefferson",2018,33,26,7,0,0,0,0,80,64,46,0,0,33,0,0,0
"Oklahoma","Kay",2018,90,69,20,1,0,0,0,107,57,39,0,0,0,2,88,0
"Oklahoma","Love",2018,25,19,6,0,0,0,0,84,64,44,0,0,25,0,0,0
"Oklahoma","Mayes",2018,90,90,0,0,0,0,0,39,27,6,0,0,0,90,0,0
"Oklahoma","McClain",2018,75,71,4,0,0,0,0,77,47,33,0,0,75,0,0,0
"Oklahoma","Muskogee",2018,90,81,8,1,0,0,0,101,51,17,0,0,0,17,0,73
"Oklahoma","Nowata",2018,80,66,14,0,0,0,0,83,56,36,0,0,0,0,80,0
"Oklahoma","Oklahoma",2018,90,67,23,0,0,0,0,90,60,38,0,10,42,0,36,2
"Oklahoma","Osage",2018,58,58,0,0,0,0,0,45,37,31,0,0,58,0,0,0
"Oklahoma","Ottawa",2018,90,82,8,0,0,0,0,84,49,33,0,0,63,0,27,0
"Oklahoma","Pittsburg",2018,87,74,13,0,0,0,0,95,60,31,0,0,27,0,60,0
"Oklahoma","Sequoyah",2018,30,23,7,0,0,0,0,67,59,31,0,0,0,0,30,0
"Oklahoma","Tulsa",2018,90,50,40,0,0,0,0,97,73,47,0,1,27,0,62,0
"Pennsylvania","Adams",2018,53,53,0,0,0,0,0,41,38,31,0,0,53,0,0,0
"Pennsylvania","Allegheny",2018,90,53,35,2,0,0,0,125,84,46,0,1,27,13,49,0
"Pennsylvania","Centre",2018,57,57,0,0,0,0,0,44,38,31,0,0,57,0,0,0
"Pennsylvania","Elk",2018,59,59,0,0,0,0,0,44,41,34,0,0,59,0,0,0
"Pennsylvania","Mercer",2018,50,50,0,0,0,0,0,44,40,33,0,0,50,0,0,0
"Pennsylvania","Philadelphia",2018,4,2,2,0,0,0,0,58,58,57,0,0,0,0,4,0
"Pennsylvania","Somerset",2018,59,59,0,0,0,0,0,44,38,31,0,0,59,0,0,0
"Rhode Island","Kent",2018,31,30,1,0,0,0,0,61,47,23,0,0,0,0,31,0
"Rhode Island","Providence",2018,31,20,11,0,0,0,0,75,66,46,0,2,8,0,21,0
"Rhode Island","Washington",2018,30,27,3,0,0,0,0,61,54,24,0,0,0,0,30,0
"South Carolina","Aiken",2018,53,45,8,0,0,0,0,71,54,44,0,0,53,0,0,0
"South Carolina","Anderson",2018,83,82,1,0,0,0,0,51,44,36,0,0,83,0,0,0
"South Carolina","Berkeley",2018,82,79,3,0,0,0,0,58,47,38,0,0,82,0,0,0
"South Carolina","Charleston",2018,120,108,12,0,0,0,0,76,51,39,0,3,91,0,26,0
"South Carolina","Chesterfield",2018,101,89,12,0,0,0,0,67,52,38,0,0,76,0,25,0
"South Carolina","Colleton",2018,120,110,10,0,0,0,0,72,49,37,0,0,97,0,23,0
"South Carolina","Darlington",2018,77,73,4,0,0,0,0,61,48,39,0,0,77,0,0,0
"South Carolina","Edgefield",2018,119,101,18,0,0,0,0,90,54,38,0,0,89,0,30,0
"South Carolina","Florence",2018,110,100,10,0,0,0,0,66,50,29,0,0,0,0,110,0
"South Carolina","Georgetown",2018,108,108,0,0,0,0,0,44,29,15,0,0,0,0,0,108
"South Carolina","Greenville",2018,120,101,19,0,0,0,0,66,58,41,0,7,66,0,47,0
"South Carolina","Horry",2018,117,107,10,0,0,0,0,67,49,36,0,0,117,0,0,0
"South Carolina","Lexington",2018,120,97,23,0,0,0,0,92,56,36,0,0,0,0,114,6
"South Carolina","Oconee",2018,119,102,17,0,0,0,0,90,58,38,0,0,108,0,11,0
"South Carolina","Pickens",2018,82,71,11,0,0,0,0,84,54,42,0,0,82,0,0,0
"South Carolina","Richland",2018,120,103,17,0,0,0,0,81,54,39,0,1,95,0,24,0
"South Carolina","Spartanburg",2018,115,94,21,0,0,0,0,74,54,42,0,0,58,0,57,0
"South Carolina","York",2018,117,110,7,0,0,0,0,77,48,34,0,0,117,0,0,0
"Tennessee","Blount",2018,90,88,2,0,0,0,0,87,47,39,0,0,77,0,13,0
"Tennessee","Claiborne",2018,59,59,0,0,0,0,0,42,35,30,0,0,59,0,0,0
"Tennessee","DeKalb",2018,58,58,0,0,0,0,0,45,40,32,0,0,58,0,0,0
"Tennessee","Hamilton",2018,68,52,16,0,0,0,0,60,55,39,0,0,0,0,68,0
"Tennessee","Knox",2018,118,110,8,0,0,0,0,74,46,31,0,0,59,0,0,59
"Tennessee","Sevier",2018,90,85,5,0,0,0,0,87,49,41,0,0,90,0,0,0
"Texas","Brewster",2018,89,83,6,0,0,0,0,58,49,39,0,0,89,0,0,0
"Texas","Polk",2018,59,59,0,0,0,0,0,41,36,29,0,0,59,0,0,0
"Texas","Randall",2018,59,59,0,0,0,0,0,48,44,37,0,0,59,0,0,0
"Utah","Box Elder",2018,120,105,14,1,0,0,0,115,54,41,0,2,99,0,19,0
"Utah","Cache",2018,120,98,20,2,0,0,0,120,60,43,0,0,91,0,29,0
"Utah","Carbon",2018,90,87,3,0,0,0,0,54,49,41,0,0,90,0,0,0
"Utah","Davis",2018,120,99,21,0,0,0,0,97,57,41,0,21,78,0,20,1
"Utah","Duchesne",2018,120,108,12,0,0,0,0,74,51,43,0,0,106,0,14,0
"Utah","Iron",2018,91,91,0,0,0,0,0,48,44,29,0,1,54,0,36,0
"Utah","Salt Lake",2018,120,103,15,2,0,0,0,123,59,42,0,35,34,0,41,10
"Utah","San Juan",2018,90,89,1,0,0,0,0,58,46,41,0,0,90,0,0,0
"Utah","Tooele",2018,120,102,17,1,0,0,0,121,58,42,0,0,102,0,18,0
"Utah","Uintah",2018,120,97,23,0,0,0,0,84,58,44,0,0,113,0,7,0
"Utah","Utah",2018,120,108,12,0,0,0,0,74,51,36,0,10,58,0,48,4
"Utah","Washington",2018,90,90,0,0,0,0,0,47,44,33,0,1,86,0,3,0
"Utah","Weber",2018,120,98,22,0,0,0,0,97,54,43,0,32,71,0,13,4
"Virginia","Albemarle",2018,20,20,0,0,0,0,0,48,45,29,0,0,0,0,20,0
"Virginia","Arlington",2018,19,14,5,0,0,0,0,60,57,33,0,0,0,0,19,0
"Virginia","Botetourt",2018,90,90,0,0,0,0,0,41,19,1,0,0,0,90,0,0
"Virginia","Bristol City",2018,20,19,1,0,0,0,0,67,47,28,0,0,0,0,20,0
"Virginia","Carroll",2018,19,19,0,0,0,0,0,19,15,9,0,0,0,0,0,19
"Virginia","Charles",2018,19,19,0,0,0,0,0,40,37,25,0,0,0,0,19,0
"Virginia","Chesterfield",2018,20,19,1,0,0,0,0,51,42,23,0,0,0,0,20,0
"Virginia","Covington City",2018,90,90,0,0,0,0,0,43,16,3,0,0,0,90,0,0
"Virginia","Fairfax",2018,66,61,5,0,0,0,0,66,45,25,0,0,0,0,58,8
"Virginia","Frederick",2018,20,15,5,0,0,0,0,85,58,30,0,0,0,0,20,0
"Virginia","Giles",2018,85,77,6,2,0,0,0,118,49,33,0,0,43,42,0,0
"Virginia","Hampton City",2018,28,27,1,0,0,0,0,55,32,17,0,0,0,0,18,10
"Virginia","Henrico",2018,35,34,1,0,0,0,0,51,38,21,0,0,0,0,24,11
"Virginia","Hopewell City",2018,18,18,0,0,0,0,0,13,10,8,0,0,0,0,0,18
"Virginia","Loudoun",2018,20,17,3,0,0,0,0,56,55,31,0,0,0,0,20,0
"Virginia","Lynchburg City",2018,20,20,0,0,0,0,0,47,44,30,0,0,0,0,20,0
"Virginia","Madison",2018,89,89,0,0,0,0,0,48,44,38,0,0,89,0,0,0
"Virginia","Norfolk City",2018,29,28,1,0,0,0,0,60,35,19,0,0,0,0,20,9
"Virginia","Prince Edward",2018,58,58,0,0,0,0,0,42,37,32,0,0,58,0,0,0
"Virginia","Richmond City",2018,19,16,3,0,0,0,0,58,55,30,0,0,0,0,19,0
"Virginia","Roanoke",2018,19,17,2,0,0,0,0,70,58,29,0,0,0,0,19,0
"Virginia","Rockingham",2018,19,19,0,0,0,0,0,49,43,27,0,0,0,0,19,0
"Virginia","Salem City",2018,19,17,2,0,0,0,0,72,54,31,0,0,0,0,19,0
"Virginia","Stafford",2018,16,16,0,0,0,0,0,19,10,6,0,0,0,0,0,16
"Virginia","Virginia Beach City",2018,17,15,2,0,0,0,0,65,52,22,0,0,0,0,17,0
"Virginia","Winchester City",2018,20,20,0,0,0,0,0,17,16,6,0,0,0,0,0,20
"Washington","Adams",2018,31,31,0,0,0,0,0,45,26,10,0,0,0,0,31,0
"Washington","Asotin",2018,31,26,5,0,0,0,0,70,54,25,0,0,0,0,31,0
"Washington","Benton",2018,31,28,3,0,0,0,0,57,43,22,0,0,0,0,28,3
"Washington","Chelan",2018,31,22,9,0,0,0,0,64,60,43,0,0,0,0,31,0
"Washington","Clallam",2018,31,19,12,0,0,0,0,63,58,45,0,0,9,0,22,0
"Washington","Clark",2018,31,26,4,1,0,0,0,103,56,19,0,0,0,0,31,0
"Washington","Columbia",2018,21,20,1,0,0,0,0,55,39,20,0,0,0,0,21,0
"Washington","Cowlitz",2018,31,30,1,0,0,0,0,52,38,23,0,0,0,0,31,0
"Washington","Franklin",2018,31,28,3,0,0,0,0,58,38,18,0,0,0,0,31,0
"Washington","Garfield",2018,31,31,0,0,0,0,0,39,20,11,0,0,0,0,31,0
"Washington","Grant",2018,31,28,3,0,0,0,0,57,39,21,0,5,0,0,26,0
"Washington","Grays Harbor",2018,31,30,1,0,0,0,0,57,38,26,0,0,0,0,31,0
"Washington","Jefferson",2018,31,30,1,0,0,0,0,54,33,16,0,0,0,0,31,0
"Washington","King",2018,31,26,5,0,0,0,0,70,52,39,0,18,0,0,13,0
"Washington","Kittitas",2018,31,26,5,0,0,0,0,60,55,28,0,0,0,0,31,0
"Washington","Lewis",2018,31,29,2,0,0,0,0,60,47,19,0,0,0,0,31,0
"Washington","Mason",2018,31,26,5,0,0,0,0,58,56,25,0,0,0,0,31,0
"Washington","Okanogan",2018,31,10,21,0,0,0,0,76,71,56,0,0,0,0,31,0
"Washington","Pierce",2018,31,23,8,0,0,0,0,89,67,40,0,0,23,0,8,0
"Washington","Skagit",2018,31,31,0,0,0,0,0,31,23,12,0,0,0,0,31,0
"Washington","Spokane",2018,31,27,4,0,0,0,0,61,51,27,0,0,0,0,27,4
"Washington","Stevens",2018,31,14,17,0,0,0,0,76,64,52,0,0,0,0,29,2
"Washington","Thurston",2018,9,9,0,0,0,0,0,16,16,8,0,0,0,0,9,0
"Washington","Walla Walla",2018,31,29,2,0,0,0,0,58,42,20,0,0,0,0,26,5
"Washington","Whatcom",2018,31,22,8,1,0,0,0,104,69,35,0,0,0,15,16,0
"Washington","Whitman",2018,31,31,0,0,0,0,0,42,32,10,0,0,0,0,31,0
"Washington","Yakima",2018,31,19,12,0,0,0,0,81,64,45,0,0,0,0,31,0
"West Virginia","Berkeley",2018,31,31,0,0,0,0,0,50,44,40,0,0,31,0,0,0
"West Virginia","Brooke",2018,90,88,2,0,0,0,0,62,24,11,0,0,0,56,0,34
"West Virginia","Cabell",2018,31,31,0,0,0,0,0,46,44,37,0,0,31,0,0,0
"West Virginia","Gilmer",2018,59,59,0,0,0,0,0,44,36,30,0,0,59,0,0,0
"West Virginia","Greenbrier",2018,31,31,0,0,0,0,0,45,44,39,0,0,31,0,0,0
"West Virginia","Hancock",2018,90,90,0,0,0,0,0,48,41,13,0,0,31,32,0,27
"West Virginia","Kanawha",2018,90,77,13,0,0,0,0,67,52,42,0,0,28,0,62,0
"West Virginia","Marshall",2018,90,56,34,0,0,0,0,93,68,44,0,0,0,0,90,0
"West Virginia","Mason",2018,113,112,1,0,0,0,0,60,10,1,0,0,0,113,0,0
"West Virginia","Mineral",2018,89,64,9,9,7,0,0,200,141,4,0,0,0,89,0,0
"West Virginia","Monongalia",2018,57,57,0,0,0,0,0,44,40,29,0,0,30,27,0,0
"West Virginia","Ohio",2018,31,31,0,0,0,0,0,45,44,39,0,0,31,0,0,0
"West Virginia","Tucker",2018,59,59,0,0,0,0,0,44,38,32,0,0,59,0,0,0
"West Virginia","Wood",2018,88,87,1,0,0,0,0,57,37,11,0,0,31,57,0,0
"Wisconsin","Ashland",2018,28,28,0,0,0,0,0,44,38,35,0,0,28,0,0,0
"Wisconsin","Brown",2018,31,29,2,0,0,0,0,72,47,28,0,0,0,1,30,0
"Wisconsin","Dane",2018,35,30,5,0,0,0,0,72,57,35,0,0,0,0,31,4
"Wisconsin","Dodge",2018,36,31,5,0,0,0,0,61,56,32,0,0,13,0,18,5
"Wisconsin","Eau Claire",2018,31,20,11,0,0,0,0,68,55,45,0,0,0,0,31,0
"Wisconsin","Forest",2018,31,30,1,0,0,0,0,52,47,35,0,0,24,0,7,0
"Wisconsin","Grant",2018,31,22,9,0,0,0,0,65,55,42,0,0,0,0,31,0
"Wisconsin","Kenosha",2018,31,27,4,0,0,0,0,76,54,30,0,0,0,0,31,0
"Wisconsin","La Crosse",2018,31,28,3,0,0,0,0,78,40,30,0,0,0,0,31,0
"Wisconsin","Milwaukee",2018,37,28,9,0,0,0,0,71,57,37,0,2,4,0,25,6
"Wisconsin","Oneida",2018,31,28,3,0,0,0,0,62,46,0,0,0,0,31,0,0
"Wisconsin","Outagamie",2018,31,21,8,2,0,0,0,123,69,35,0,0,0,5,26,0
"Wisconsin","Ozaukee",2018,29,27,2,0,0,0,0,62,48,27,0,0,0,0,29,0
"Wisconsin","Sauk",2018,31,27,4,0,0,0,0,60,51,34,0,0,0,0,31,0
"Wisconsin","Taylor",2018,59,56,3,0,0,0,0,55,47,34,0,0,50,0,9,0
"Wisconsin","Vilas",2018,31,30,1,0,0,0,0,52,41,15,0,0,0,0,31,0
"Wisconsin","Waukesha",2018,36,29,7,0,0,0,0,67,61,35,0,0,0,0,31,5
"Wyoming","Albany",2018,68,67,1,0,0,0,0,54,48,44,0,0,59,0,6,3
"Wyoming","Campbell",2018,90,89,1,0,0,0,0,76,20,12,0,0,0,0,0,90
"Wyoming","Converse",2018,90,90,0,0,0,0,0,47,44,38,0,0,89,0,0,1
"Wyoming","Fremont",2018,28,20,8,0,0,0,0,91,70,27,0,0,0,0,23,5
"Wyoming","Laramie",2018,30,29,1,0,0,0,0,53,24,12,0,0,0,0,26,4
"Wyoming","Lincoln",2018,90,89,1,0,0,0,0,55,25,6,0,0,0,0,0,90
"Wyoming","Natrona",2018,30,30,0,0,0,0,0,35,20,11,0,0,0,0,26,4
"Wyoming","Park",2018,30,29,1,0,0,0,0,55,35,12,0,0,0,0,13,17
"Wyoming","Sheridan",2018,31,23,8,0,0,0,0,81,61,29,0,0,0,0,31,0
"Wyoming","Sublette",2018,90,89,1,0,0,0,0,58,46,43,0,0,90,0,0,0
"Wyoming","Sweetwater",2018,90,89,1,0,0,0,0,65,45,40,0,0,89,0,1,0
"Wyoming","Teton",2018,90,86,4,0,0,0,0,58,49,41,0,0,87,0,3,0
